{
    "(0, 0, 0)": 0.6,
    "(0, 0, 1)": 0.48,
    "(0, 0, 2)": -0.24,
    "(0, 0, 3)": 0.8,
    "(1, 0, 0)": 0.48,
    "(1, 0, 1)": 0.48,
    "(1, 0, 2)": 0.6,
    "(1, 0, 3)": 0.48,
    "(2, 0, 0)": 0.6,
    "(2, 0, 1)": 0.48,
    "(2, 0, 2)": 0.48,
    "(2, 0, 3)": 0.48,
    "(3, 0, 0)": 0.48,
    "(3, 0, 1)": 0.6,
    "(3, 0, 2)": 0.6,
    "(3, 0, 3)": 0.48,
    "(4, 0, 0)": 0.8,
    "(4, 0, 1)": 0.6,
    "(4, 0, 2)": 0.6,
    "(4, 0, 3)": 0.48,
    "(5, 0, 0)": 0.4,
    "(5, 0, 1)": -0.24,
    "(5, 0, 2)": 0.48,
    "(5, 0, 3)": 0.6,
    "(6, 0, 0)": 0.6,
    "(6, 0, 1)": 0.48,
    "(6, 0, 2)": 0.8,
    "(6, 0, 3)": 0.48,
    "(7, 0, 0)": 0.8,
    "(7, 0, 1)": 0.8,
    "(7, 0, 2)": 0.48,
    "(7, 0, 3)": 0.48,
    "(8, 0, 0)": 0.8,
    "(8, 0, 1)": -0.24,
    "(8, 0, 2)": 0.6,
    "(8, 0, 3)": 0.48,
    "(9, 0, 0)": -0.12,
    "(9, 0, 1)": 0.32000000000000006,
    "(9, 0, 2)": 0.48,
    "(9, 0, 3)": 0.48,
    "(10, 0, 0)": 0.8,
    "(10, 0, 1)": -0.24,
    "(10, 0, 2)": 0.48,
    "(10, 0, 3)": 0.48,
    "(11, 0, 0)": 0.48,
    "(11, 0, 1)": 0.48,
    "(11, 0, 2)": 0.32000000000000006,
    "(11, 0, 3)": -0.24,
    "(12, 0, 0)": 0.8,
    "(12, 0, 1)": 0.8,
    "(12, 0, 2)": 0.6,
    "(12, 0, 3)": 0.48,
    "(13, 0, 0)": 0.6,
    "(13, 0, 1)": 0.8,
    "(13, 0, 2)": 0.6,
    "(13, 0, 3)": -0.24,
    "(14, 0, 0)": -0.24,
    "(14, 0, 1)": 0.6,
    "(14, 0, 2)": 0.48,
    "(14, 0, 3)": 0.8,
    "(15, 0, 0)": 0.48,
    "(15, 0, 1)": 0.6,
    "(15, 0, 2)": 0.6,
    "(15, 0, 3)": 0.6,
    "(0, 1, 0)": 0.6,
    "(0, 1, 1)": 0.6,
    "(0, 1, 2)": 0.48,
    "(0, 1, 3)": 0.8,
    "(1, 1, 0)": 0.6,
    "(1, 1, 1)": 0.48,
    "(1, 1, 2)": 0.6,
    "(1, 1, 3)": 0.48,
    "(2, 1, 0)": 0.48,
    "(2, 1, 1)": 0.48,
    "(2, 1, 2)": 0.8,
    "(2, 1, 3)": 0.48,
    "(3, 1, 0)": 0.6,
    "(3, 1, 1)": 0.48,
    "(3, 1, 2)": 0.8,
    "(3, 1, 3)": 0.8,
    "(4, 1, 0)": 0.6,
    "(4, 1, 1)": 0.32000000000000006,
    "(4, 1, 2)": 0.48,
    "(4, 1, 3)": 0.48,
    "(5, 1, 0)": 0.48,
    "(5, 1, 1)": 0.48,
    "(5, 1, 2)": 0.6,
    "(5, 1, 3)": 0.8,
    "(6, 1, 0)": 0.6,
    "(6, 1, 1)": 0.32000000000000006,
    "(6, 1, 2)": 0.48,
    "(6, 1, 3)": 0.8,
    "(7, 1, 0)": 0.8,
    "(7, 1, 1)": 0.6,
    "(7, 1, 2)": 0.48,
    "(7, 1, 3)": 0.6,
    "(8, 1, 0)": 0.6,
    "(8, 1, 1)": 0.6,
    "(8, 1, 2)": 0.32000000000000006,
    "(8, 1, 3)": 0.6,
    "(9, 1, 0)": 0.6,
    "(9, 1, 1)": 0.6,
    "(9, 1, 2)": 0.48,
    "(9, 1, 3)": 0.6,
    "(10, 1, 0)": 0.6,
    "(10, 1, 1)": 0.6,
    "(10, 1, 2)": 0.48,
    "(10, 1, 3)": 0.6,
    "(11, 1, 0)": 0.24,
    "(11, 1, 1)": -0.24,
    "(11, 1, 2)": 0.32000000000000006,
    "(11, 1, 3)": -0.24,
    "(12, 1, 0)": 0.48,
    "(12, 1, 1)": 0.48,
    "(12, 1, 2)": 0.48,
    "(12, 1, 3)": -0.16000000000000003,
    "(13, 1, 0)": 0.48,
    "(13, 1, 1)": 0.8,
    "(13, 1, 2)": 0.8,
    "(13, 1, 3)": 0.8,
    "(14, 1, 0)": 0.6,
    "(14, 1, 1)": 0.6,
    "(14, 1, 2)": 0.48,
    "(14, 1, 3)": 0.8,
    "(15, 1, 0)": 0.48,
    "(15, 1, 1)": 0.32000000000000006,
    "(15, 1, 2)": 0.6,
    "(15, 1, 3)": 0.48,
    "(0, 2, 0)": -0.24,
    "(0, 2, 1)": 0.48,
    "(0, 2, 2)": 0.48,
    "(0, 2, 3)": 0.48,
    "(1, 2, 0)": 0.48,
    "(1, 2, 1)": 0.48,
    "(1, 2, 2)": 0.8,
    "(1, 2, 3)": 0.8,
    "(2, 2, 0)": 0.6,
    "(2, 2, 1)": 0.6,
    "(2, 2, 2)": 0.8,
    "(2, 2, 3)": 0.48,
    "(3, 2, 0)": -0.24,
    "(3, 2, 1)": 0.48,
    "(3, 2, 2)": 0.48,
    "(3, 2, 3)": 0.6,
    "(4, 2, 0)": 0.8,
    "(4, 2, 1)": 0.6,
    "(4, 2, 2)": 0.48,
    "(4, 2, 3)": 0.48,
    "(5, 2, 0)": 0.6,
    "(5, 2, 1)": 0.6,
    "(5, 2, 2)": 0.6,
    "(5, 2, 3)": 0.6,
    "(6, 2, 0)": 0.48,
    "(6, 2, 1)": 0.6,
    "(6, 2, 2)": 0.6,
    "(6, 2, 3)": 0.6,
    "(7, 2, 0)": 0.48,
    "(7, 2, 1)": 0.6,
    "(7, 2, 2)": 0.48,
    "(7, 2, 3)": 0.48,
    "(8, 2, 0)": 0.48,
    "(8, 2, 1)": 0.48,
    "(8, 2, 2)": 0.8,
    "(8, 2, 3)": 0.48,
    "(9, 2, 0)": 0.48,
    "(9, 2, 1)": 0.8,
    "(9, 2, 2)": 0.6,
    "(9, 2, 3)": 0.32000000000000006,
    "(10, 2, 0)": 0.8,
    "(10, 2, 1)": 0.6,
    "(10, 2, 2)": -0.24,
    "(10, 2, 3)": 0.48,
    "(11, 2, 0)": 0.48,
    "(11, 2, 1)": 0.48,
    "(11, 2, 2)": 0.6,
    "(11, 2, 3)": 0.8,
    "(12, 2, 0)": 0.8,
    "(12, 2, 1)": 0.48,
    "(12, 2, 2)": 0.48,
    "(12, 2, 3)": 0.6,
    "(13, 2, 0)": 0.48,
    "(13, 2, 1)": 0.8,
    "(13, 2, 2)": 0.6,
    "(13, 2, 3)": 0.8,
    "(14, 2, 0)": 0.48,
    "(14, 2, 1)": 0.6,
    "(14, 2, 2)": 0.8,
    "(14, 2, 3)": 0.48,
    "(15, 2, 0)": 0.8,
    "(15, 2, 1)": 0.8,
    "(15, 2, 2)": 0.48,
    "(15, 2, 3)": 0.6,
    "(0, 3, 0)": 0.48,
    "(0, 3, 1)": 0.48,
    "(0, 3, 2)": 0.8,
    "(0, 3, 3)": 0.6,
    "(1, 3, 0)": 0.6,
    "(1, 3, 1)": -0.24,
    "(1, 3, 2)": 0.48,
    "(1, 3, 3)": 0.48,
    "(2, 3, 0)": 0.6,
    "(2, 3, 1)": 0.8,
    "(2, 3, 2)": 0.48,
    "(2, 3, 3)": 0.6,
    "(3, 3, 0)": 0.6,
    "(3, 3, 1)": 0.8,
    "(3, 3, 2)": 0.8,
    "(3, 3, 3)": 0.32000000000000006,
    "(4, 3, 0)": 0.32000000000000006,
    "(4, 3, 1)": 0.8,
    "(4, 3, 2)": 0.6,
    "(4, 3, 3)": 0.32000000000000006,
    "(5, 3, 0)": 0.6,
    "(5, 3, 1)": 0.6,
    "(5, 3, 2)": 0.8,
    "(5, 3, 3)": 0.8,
    "(6, 3, 0)": 0.8,
    "(6, 3, 1)": 0.48,
    "(6, 3, 2)": 0.48,
    "(6, 3, 3)": 0.48,
    "(7, 3, 0)": 0.6,
    "(7, 3, 1)": 0.48,
    "(7, 3, 2)": 0.48,
    "(7, 3, 3)": 0.6,
    "(8, 3, 0)": 0.8,
    "(8, 3, 1)": 0.48,
    "(8, 3, 2)": 0.6,
    "(8, 3, 3)": 0.6,
    "(9, 3, 0)": -0.24,
    "(9, 3, 1)": 0.36,
    "(9, 3, 2)": 0.6400000000000001,
    "(9, 3, 3)": 0.48,
    "(10, 3, 0)": -0.24,
    "(10, 3, 1)": 0.6,
    "(10, 3, 2)": 0.6,
    "(10, 3, 3)": 0.48,
    "(11, 3, 0)": -0.24,
    "(11, 3, 1)": 0.6,
    "(11, 3, 2)": 0.6,
    "(11, 3, 3)": 0.6,
    "(12, 3, 0)": 0.48,
    "(12, 3, 1)": 0.48,
    "(12, 3, 2)": 0.6,
    "(12, 3, 3)": 0.8,
    "(13, 3, 0)": -0.24,
    "(13, 3, 1)": 0.8,
    "(13, 3, 2)": 0.48,
    "(13, 3, 3)": 0.48,
    "(14, 3, 0)": 0.8,
    "(14, 3, 1)": 0.6,
    "(14, 3, 2)": 0.6,
    "(14, 3, 3)": -0.24,
    "(15, 3, 0)": 0.6,
    "(15, 3, 1)": 0.8,
    "(15, 3, 2)": 0.48,
    "(15, 3, 3)": 0.6,
    "(0, 4, 0)": 0.6,
    "(0, 4, 1)": 0.48,
    "(0, 4, 2)": 0.48,
    "(0, 4, 3)": 0.6,
    "(1, 4, 0)": 0.8,
    "(1, 4, 1)": 0.8,
    "(1, 4, 2)": -0.24,
    "(1, 4, 3)": 0.8,
    "(2, 4, 0)": 0.8,
    "(2, 4, 1)": 0.6,
    "(2, 4, 2)": 0.48,
    "(2, 4, 3)": 0.6,
    "(3, 4, 0)": 0.6,
    "(3, 4, 1)": 0.6,
    "(3, 4, 2)": 0.6,
    "(3, 4, 3)": 0.48,
    "(4, 4, 0)": 0.48,
    "(4, 4, 1)": 0.48,
    "(4, 4, 2)": 0.6,
    "(4, 4, 3)": 0.8,
    "(5, 4, 0)": 0.6,
    "(5, 4, 1)": 0.6,
    "(5, 4, 2)": 0.6,
    "(5, 4, 3)": 0.8,
    "(6, 4, 0)": 0.6,
    "(6, 4, 1)": 0.6,
    "(6, 4, 2)": 0.8,
    "(6, 4, 3)": 0.6,
    "(7, 4, 0)": 0.48,
    "(7, 4, 1)": 0.6,
    "(7, 4, 2)": 0.6,
    "(7, 4, 3)": 0.8,
    "(8, 4, 0)": 0.48,
    "(8, 4, 1)": -0.24,
    "(8, 4, 2)": -0.24,
    "(8, 4, 3)": 0.32000000000000006,
    "(9, 4, 0)": 0.6,
    "(9, 4, 1)": 0.48,
    "(9, 4, 2)": 0.6,
    "(9, 4, 3)": 0.48,
    "(10, 4, 0)": 0.6,
    "(10, 4, 1)": 0.48,
    "(10, 4, 2)": 0.48,
    "(10, 4, 3)": 0.48,
    "(11, 4, 0)": 0.6,
    "(11, 4, 1)": 0.48,
    "(11, 4, 2)": 0.48,
    "(11, 4, 3)": 0.6,
    "(12, 4, 0)": 0.48,
    "(12, 4, 1)": 0.6,
    "(12, 4, 2)": 0.8,
    "(12, 4, 3)": 0.48,
    "(13, 4, 0)": 0.48,
    "(13, 4, 1)": 0.32000000000000006,
    "(13, 4, 2)": 0.6,
    "(13, 4, 3)": -0.36,
    "(14, 4, 0)": 0.48,
    "(14, 4, 1)": 0.8,
    "(14, 4, 2)": 0.48,
    "(14, 4, 3)": 0.8,
    "(15, 4, 0)": 0.48,
    "(15, 4, 1)": 0.48,
    "(15, 4, 2)": 0.6,
    "(15, 4, 3)": 0.8,
    "(0, 5, 0)": 0.48,
    "(0, 5, 1)": 0.6,
    "(0, 5, 2)": 0.6,
    "(0, 5, 3)": 0.8,
    "(1, 5, 0)": 0.8,
    "(1, 5, 1)": 0.6,
    "(1, 5, 2)": 0.6,
    "(1, 5, 3)": 0.32000000000000006,
    "(2, 5, 0)": 0.32000000000000006,
    "(2, 5, 1)": 0.4,
    "(2, 5, 2)": 0.6,
    "(2, 5, 3)": 0.8,
    "(3, 5, 0)": 0.8,
    "(3, 5, 1)": 0.48,
    "(3, 5, 2)": 0.48,
    "(3, 5, 3)": 0.4,
    "(4, 5, 0)": 0.48,
    "(4, 5, 1)": 0.6,