{"reward": [0.6133600473403931, 0.5920000672340393, 0.5920000672340393, 0.5920000672340393, 0.5920000672340393, 0.7200000882148743, 0.7200000882148743, 0.7200000882148743, 0.7200000882148743, 0.6960000991821289, 0.6960000991821289, 0.7596001029014587, 0.7680001258850098, 0.8000001311302185, 0.8000001311302185, 0.8000001311302185, 0.8000001311302185, 0.8000001311302185, 0.8000001311302185, 0.8000001311302185, 0.8000001311302185, 0.8000001311302185, 0.8000001311302185, 0.8000001311302185, 0.8000001311302185, 0.6080000400543213, 0.31999996304512024, 0.31999996304512024, 0.31999996304512024, 0.47999992966651917, 0.47999992966651917, 0.47999992966651917, 0.47999992966651917, 0.47999992966651917, 0.47999992966651917, 0.47999992966651917, 0.47999992966651917, 0.47999992966651917, 0.47999992966651917, 0.47999992966651917], 
"steps": [1, 2, 3, 4, 5, 6, 7, 8, 9, 10, 11, 12, 13, 14, 15, 16, 17, 18, 19, 20, 21, 22, 23, 24, 25, 26, 27, 28, 29, 30, 31, 32, 33, 34, 35, 36, 37, 38, 39, 40], 
"lr": [0.0001, 9.98458666866564e-05, 9.938441702975689e-05, 9.861849601988383e-05, 9.755282581475767e-05, 9.619397662556432e-05, 9.455032620941837e-05, 9.26320082177046e-05, 9.045084971874737e-05, 8.802029828000154e-05, 8.535533905932737e-05, 8.247240241650918e-05, 7.938926261462365e-05, 7.612492823579742e-05, 7.269952498697731e-05, 6.913417161825447e-05, 6.545084971874736e-05, 6.167226819279526e-05, 5.7821723252011525e-05, 5.392295478639223e-05, 4.999999999999998e-05, 4.607704521360774e-05, 4.217827674798845e-05, 3.832773180720472e-05, 3.4549150281252616e-05, 3.08658283817455e-05, 2.730047501302265e-05, 2.387507176420255e-05, 2.061073738537634e-05, 1.7527597583490816e-05, 1.464466094067262e-05, 1.1979701719998453e-05, 9.549150281252628e-06, 7.367991782295387e-06, 5.449673790581608e-06, 3.806023374435661e-06, 2.447174185242322e-06, 1.3815039801161715e-06, 6.155829702431167e-07, 1.5413331334360174e-07], 
"eval_reward": [0.4800000000000087, 0.7999999999999813, 0.3199999999999943, 0.4800000000000087, 0.6000000000000137, 0.4800000000000087, 0.7999999999999813, 0.4800000000000087, 0.6000000000000137, 0.4800000000000087, 0.6000000000000137, 0.6000000000000137, 0.7999999999999813, 0.6000000000000137, 0.6000000000000137, 0.5996875000000138, 0.6000000000000137, 0.4800000000000087, 0.4800000000000087, 0.6000000000000137, 0.7999999999999813, 0.4800000000000087, 0.6000000000000137, 0.7999999999999813, 0.3199999999999943, 0.4800000000000087, 0.4800000000000087, 0.6000000000000137, 0.6000000000000137, -0.24000000000000435, 0.6000000000000137, 0.4800000000000087, -0.24000000000000435, 0.6000000000000137, 0.6000000000000137, 0.4800000000000087, 0.6000000000000137, 0.4800000000000087, 0.6000000000000137, 0.7999999999999813], 
"eval_reward_sum": [614.4000000000111, 1023.999999999976, 409.5999999999927, 614.4000000000111, 768.0000000000176, 614.4000000000111, 1023.999999999976, 614.4000000000111, 768.0000000000176, 614.4000000000111, 768.0000000000176, 768.0000000000176, 1023.999999999976, 768.0000000000176, 768.0000000000176, 767.6000000000176, 768.0000000000176, 614.4000000000111, 614.4000000000111, 768.0000000000176, 1023.999999999976, 614.4000000000111, 768.0000000000176, 1023.999999999976, 409.5999999999927, 614.4000000000111, 614.4000000000111, 768.0000000000176, 768.0000000000176, -307.20000000000556, 768.0000000000176, 614.4000000000111, -307.20000000000556, 768.0000000000176, 768.0000000000176, 614.4000000000111, 768.0000000000176, 614.4000000000111, 768.0000000000176, 1023.999999999976], 
"eval_steps": [1280, 1280, 1280, 1280, 1280, 1280, 1280, 1280, 1280, 1280, 1280, 1280, 1280, 1280, 1280, 1280, 1280, 1280, 1280, 1280, 1280, 1280, 1280, 1280, 1280, 1280, 1280, 1280, 1280, 1280, 1280, 1280, 1280, 1280, 1280, 1280, 1280, 1280, 1280, 1280]}